CUSTOMER_ID,DATE,QUANTITY,AMOUNT
1632855957414-473771045474223818,2021-09-28,1,5.99
1632885944541-9138695487603490600,2021-09-29,1,5.99
1633260341707-8055063101674499585,2021-10-04,1,5.99
1633316115897-24897320538729918,2021-10-05,1,5.99
1633381651878-7279584549122043827,2021-10-07,1,5.99
1634256253003-4813877454904233150,2021-10-15,1,5.99
1634401947449-9124610677693140985,2021-10-26,1,5.99
1634691205620-1785119141445592786,2021-10-20,1,5.99
1634827321524-2176500922190045337,2021-10-21,1,5.99
1634863085012-5965234759525706557,2021-10-22,1,5.99
1635042020850-1327042057115140710,2022-02-16,1,5.99
1635051361649-855590082646321316,2021-10-24,1,5.99
1635124972400-3061299926701541527,2021-10-25,1,5.99
1635134016557-4398769208299743909,2021-10-25,1,5.99
1635207283344-1154431552446538080,2021-10-26,1,5.99
1635211804087-5397454202778836874,2021-10-27,1,5.99
1635547176878-695110730535050893,2021-10-29,1,5.99
1635600123569-4593915057752174132,2021-10-30,1,5.99
1635654190963-699517973631353575,2021-11-02,1,5.99
1635725404583-6867565897692339966,2021-11-04,1,5.99
1635819043078-115881443981370117,2021-11-03,1,5.99
1635985248031-3149594269198861519,2021-11-04,1,5.99
1636001238255-5914233537827730528,2021-11-04,1,5.99
1636035227576-6715479008880102307,2021-11-06,1,5.99
1636174812725-3163736971849877746,2021-11-06,1,5.99
1636244550087-358083757658458679,2021-11-07,1,5.99
1636417757394-3581330706911177955,2021-11-22,1,5.99
1636434736339-4395583696960944488,2021-11-10,1,5.99
1636455951836-7452272225009771420,2021-11-09,1,5.99
1636597277523-7466422353008213015,2022-04-02,1,5.99
1636653391908-2320713048851543523,2021-11-11,1,5.99
1636696854560-1877588991935901251,2021-11-13,1,5.99
1636758473334-8592561501916028556,2021-11-13,1,5.99
1636771415265-7759146365278762482,2021-11-14,1,5.99
1636780745002-6317758996423959838,2021-11-13,1,5.99
1636832441723-7619953647809181286,2021-11-13,1,5.99
1636832477741-5298289582975421843,2021-11-13,1,5.99
1636843836209-7085482156588891293,2021-11-14,1,5.99
1636899808947-5345406445606890209,2021-11-14,1,5.99
1636917783086-9042116846447778679,2021-11-14,1,5.99
1636922102656-1730312489862341128,2021-11-14,1,5.99
1636928003153-5531227330486003262,2021-11-14,1,5.99
1637119009254-1831259184289550408,2021-11-17,1,5.99
1637181322647-6060483050008329920,2021-11-17,1,5.99
1637212425358-7503153893955909678,2021-11-19,1,5.99
1637213843899-4104189944527060191,2021-11-29,1,5.99
1637225605896-8565812254994158103,2021-12-04,1,5.99
1637281822143-6530136265522361486,2021-11-24,1,5.99
1637288229484-4371969329371453680,2021-11-19,1,5.99
1637294841963-7323719220178369943,2021-11-20,1,5.99
1637345769148-7459397352220150043,2021-11-19,1,5.99
1637353168359-7751169028731193351,2021-11-19,1,5.99
1637370184506-5746244909902067291,2021-11-20,1,5.99
1637374771563-5630962145496778776,2021-11-20,1,5.99
1637410194128-7131701143664511934,2021-12-05,1,5.99
1637500275414-9190697420804231512,2022-01-29,1,5.99
1637502219578-2345749316241385493,2021-11-21,1,5.99
1637519431173-3608664731826931323,2021-11-21,1,5.99
1637519523669-126693025144799072,2021-11-22,1,5.99
1637544528822-3583621029212008563,2021-11-22,1,5.99
1637577844667-6191851656402444947,2021-11-25,1,5.99
1637594710113-7642431286212251124,2021-11-22,1,5.99
1637644514181-459403607727750736,2021-11-28,1,5.99
1637646653913-4647421005542003340,2021-11-23,1,5.99
1637649478189-851215134490866249,2021-11-23,1,5.99
1637667092173-2816414650046386241,2021-11-23,1,5.99
1637674001641-7062488211381900966,2021-11-23,1,5.99
1637764429990-9045675081718701261,2021-11-24,1,5.99
1637770009120-730808515916618749,2021-11-24,1,5.99
1637799034993-7860170481634840043,2021-11-25,1,5.99
1637821958365-1672795056803409148,2021-11-25,1,5.99
1638285119970-4494477779633116765,2021-12-01,1,5.99
1638320373809-2538291620311563874,2021-12-01,1,5.99
1638404912648-3256158943371590788,2021-12-02,1,5.99
1638472774107-4501970857211047753,2021-12-02,1,5.99
1638496327607-339186355513495380,2021-12-03,1,5.99
1638518679030-8574616993990155891,2021-12-03,1,5.99
1638573480109-8711816856034751636,2021-12-07,1,5.99
1638649804210-4211477483645768895,2021-12-04,1,5.99
1638659389765-1204064802437675314,2021-12-04,1,5.99
1638704389147-3038268432195445681,2021-12-05,1,5.99
1638828834542-4907663781956427566,2021-12-07,1,5.99
1638930498847-8325738467564841839,2021-12-08,1,5.99
1638933945495-6772812970349050585,2021-12-08,1,5.99
1639011870461-5015132115716807301,2022-01-06,1,5.99
1639076762042-578561160387549480,2021-12-19,1,5.99
1639108890030-4414079351436834054,2021-12-11,1,5.99
1639123174274-7466715710316044853,2022-04-25,1,5.99
1639170853393-4395545882298057245,2021-12-11,1,5.99
1639190701694-4675507673272809725,2021-12-11,1,5.99
1639274055005-18444547363807881,2021-12-12,1,5.99
1639296145268-5549854722187574553,2021-12-12,1,5.99
1639341763415-4122846199435399877,2021-12-13,1,5.99
1639434897743-1274802669797878181,2021-12-14,1,5.99
1639454230017-2285174844368255862,2021-12-14,1,5.99
1639456179923-4610247391265323962,2022-01-14,1,5.99
1639458446586-7562528483087511369,2021-12-15,1,5.99
1639460661142-9145332068002566038,2021-12-14,1,5.99
1639489594097-6721771891802785355,2021-12-15,1,5.99
1639530888332-7818921374040312889,2022-05-20,1,5.99
1639539539222-1691677944403019792,2021-12-15,1,5.99
1639540042961-2416100470845700907,2021-12-15,1,5.99
1639586443619-6742894404407936629,2021-12-15,1,5.99
1639615803712-130289534996108152,2021-12-16,1,5.99
1639711773646-812424215437520008,2021-12-17,1,5.99
1639718524090-1967079202407277421,2021-12-17,1,5.99
1639772053877-3413174241234391962,2021-12-17,1,5.99
1639858101467-6927436570737419741,2021-12-18,1,5.99
1639914703325-2903272466827458418,2021-12-20,1,5.99
1639965844920-2142757991000261425,2021-12-20,1,5.99
1639991106199-8952480296268644774,2022-03-20,1,5.99
1640019544635-1893709939987327381,2021-12-21,1,5.99
1640057539526-7552943847454392461,2021-12-21,1,5.99
1640058985305-4202065341791288607,2021-12-21,1,5.99
1640060546512-6333100406420225138,2021-12-21,1,5.99
1640075256567-3726313798299242817,2021-12-21,1,5.99
1640083299684-1528081666626521023,2021-12-21,1,5.99
1640111608765-2481838140556481787,2021-12-21,1,5.99
1640225056112-588214600579583348,2021-12-23,1,5.99
1640276315174-4334126619099730018,2021-12-26,1,5.99
1640351941024-6880256766271832821,2021-12-26,1,5.99
1640393987771-6553990165806431191,2021-12-26,1,5.99
1640409613129-7942415151973869376,2021-12-25,1,5.99
1640413900848-4016889132215757635,2021-12-25,1,5.99
1640446674336-7290271247928560505,2022-01-01,1,5.99
1640495139168-2604420143976371394,2021-12-26,1,5.99
1640499624913-3636722810905571361,2021-12-26,1,5.99
1640517064591-6776200649720350583,2021-12-27,1,5.99
1640564789901-5082399979695643356,2021-12-27,1,5.99
1640573098803-8043488350811487474,2021-12-27,1,5.99
1640573098803-8043488350811487474,2022-01-03,1,5.99
1640575005946-2179532338235169827,2021-12-29,1,5.99
1640581128599-6499974540653820120,2021-12-28,1,5.99
1640607649422-7056505719183213605,2021-12-27,1,5.99
1640616223184-7699616926675555914,2021-12-30,1,5.99
1640635929649-1234217789328459635,2021-12-28,1,5.99
1640664365094-4350016052561632763,2021-12-28,1,5.99
1640667049723-8239491261461430408,2021-12-29,1,5.99
1640672907095-5742868318680124068,2021-12-29,1,5.99
1640688505863-2365084352760250623,2021-12-30,1,5.99
1640701652616-2463343776458551479,2021-12-28,1,5.99
1640714701159-8218028508142347075,2021-12-31,1,5.99
1640758270729-8800527334971494274,2021-12-29,1,5.99
1640811927840-2662082697845968986,2021-12-31,1,5.99
1640834652154-6097417567202165158,2022-01-01,1,5.99
1640888240339-2744225755773238545,2021-12-31,1,5.99
1640895395406-1373155120109707936,2022-01-03,1,5.99
1640907297792-3347953244052602448,2021-12-30,1,5.99
1640907377245-5569936490284573287,2021-12-30,1,5.99
1640913150429-2581203111571544731,2021-12-31,1,5.99
1640913265478-4700475070514754128,2021-12-31,1,5.99
1640915109723-6357552300223180430,2021-12-31,1,5.99
1640916217136-2205404304755934783,2021-12-31,1,5.99
1640917512670-5497780800133758233,2021-12-31,1,5.99
1640923236418-5368172360436298804,2022-01-15,1,5.99
1640939654008-5181106595234981613,2021-12-31,1,5.99
1640945831377-2026222917035030035,2021-12-31,1,5.99
1640978407127-563655932327169940,2021-12-31,1,5.99
1640999004180-3569057388620047217,2022-01-01,1,5.99
1641002032041-7281655079707548439,2022-01-01,1,5.99
1641018517197-3731100513310216894,2022-01-01,1,5.99
1641054985695-6024865541230268066,2022-01-01,1,5.99
1641087571761-2032664716214733327,2022-01-02,1,5.99
1641091140706-8474354973021034655,2022-01-02,1,5.99
1641092277605-1881719485350621474,2022-01-03,1,5.99
1641099432419-3334029613052702214,2022-01-13,1,5.99
1641108729536-7165869530901266532,2022-01-02,1,5.99
1641180424077-3205091092167263912,2022-01-03,1,5.99
1641212564759-8234752238358241585,2022-01-03,1,5.99
1641221550115-416392194543473576,2022-01-03,1,5.99
1641248770681-8569658738275891948,2022-01-04,1,5.99
1641254390190-1050515306970900428,2022-01-04,1,5.99
1641254667755-1666709447132953687,2022-01-04,1,5.99
1641270961977-7210667292168586345,2022-01-04,1,5.99
1641344136808-2120930862233531754,2022-01-05,1,5.99
1641359176148-4863325428703786911,2022-01-05,1,5.99
1641360922406-8496316861654818424,2022-01-05,1,5.99
1641370687038-8090037557032693123,2022-01-05,1,5.99
1641413236454-5445817955443888673,2022-01-09,1,5.99
1641431081801-1985523405470563701,2022-01-07,1,5.99
1641433308807-114940060560655584,2022-01-06,1,5.99
1641440619537-4708474732752060718,2022-01-09,1,5.99
1641443378672-2860046704674582138,2022-01-06,1,5.99
1641474206803-1973717872520012963,2022-01-06,1,5.99
1641487572369-7101553915885048358,2022-01-06,1,5.99
1641495588347-9074770756817817733,2022-01-10,1,5.99
1641514761659-606104104635657776,2022-01-09,1,5.99
1641529403198-2926818935226447846,2022-01-07,1,5.99
1641576420756-6001109663026197756,2022-01-09,1,5.99
1641662172573-265943597755916378,2022-01-08,1,5.99
1641744575582-827257111397477984,2022-01-12,1,5.99
1641775622883-1413769739621317765,2022-01-10,1,5.99
1641880551522-2824367549363382841,2022-01-11,1,5.99
1641884364217-1551081726194323888,2022-01-11,1,5.99
1641909003188-3955310566603932139,2022-01-12,1,5.99
1641926420142-5662496963635672410,2022-01-11,1,5.99
1641978353152-5574713722575572548,2022-01-13,1,5.99
1642027921033-8703941631823630926,2022-01-12,1,5.99
1642083407526-8148540620542250513,2022-01-13,1,5.99
1642109602493-5672532550271311138,2022-01-14,1,5.99
1642134252690-2313317214512886860,2022-01-14,1,5.99
1642138094733-6972089526297423108,2022-01-14,1,5.99
1642169848695-5450448301680409244,2022-01-14,1,5.99
1642170178273-418960767912077050,2022-01-14,1,5.99
1642227127386-2809338689617591731,2022-01-15,1,5.99
1642306266829-8618282626656058590,2022-01-16,1,5.99
1642338906411-7203628774702826302,2022-01-17,1,5.99
1642377101329-5993580571627667676,2022-01-18,1,5.99
1642382937989-2970488020597568594,2022-01-17,1,5.99
1642383357479-7887170129895347536,2022-03-08,1,5.99
1642390131464-1062668468391387352,2022-01-17,1,5.99
1642451067544-1453951354495606227,2022-01-18,1,5.99
1642459065023-3610813971382511258,2022-01-17,1,5.99
1642466614995-3892768955068405909,2022-01-18,1,5.99
1642479402964-9052170957513442786,2022-01-18,1,5.99
1642559769040-2744567784547291342,2022-01-19,1,5.99
1642570590964-1071840140664767023,2022-01-19,1,5.99
1642571379584-5851552724197390137,2022-01-20,1,5.99
1642577213123-7067773599337120390,2022-01-21,1,5.99
1642633453559-8632303955379139312,2022-01-19,1,5.99
1642643960779-8207379238552171763,2022-01-20,1,5.99
1642655137554-6118142917620314911,2022-01-23,1,5.99
1642656874209-8510841858428087444,2022-01-20,1,5.99
1642660574801-8103147165098603301,2022-01-20,1,5.99
1642666551746-3779966025136003278,2022-01-20,1,5.99
1642681051099-3846345694072103708,2022-01-20,1,5.99
1642688860405-875174887923746129,2022-01-20,1,5.99
1642688943459-1387001474783584149,2022-01-21,1,5.99
1642742881943-8281207562990098189,2022-02-20,1,5.99
1642764356133-674394708845053409,2022-01-21,1,5.99
1642768301537-1821262424172309623,2022-01-21,1,5.99
1642797014817-3599946638019786435,2022-01-21,1,5.99
1642797873686-4519737913127559592,2022-01-24,1,5.99
1642821568430-2345765817987931394,2022-01-22,1,5.99
1642834107410-7863471882531228135,2022-01-23,1,5.99
1642901048994-5428106851852624033,2022-01-23,1,5.99
1642907297320-87787243826585229,2022-01-23,1,5.99
1642907768413-1884692173346150520,2022-01-23,1,5.99
1642980017455-7466588940758653532,2022-01-26,1,5.99
1643072449246-4286085732094950887,2022-01-25,1,5.99
1643079710916-4424625775482223779,2022-01-26,1,5.99
1643081684238-243863839531194366,2022-01-26,1,5.99
1643096658909-8935582165023712684,2022-01-25,1,5.99
1643107170574-4493352581414355100,2022-01-26,1,5.99
1643127802925-3194731420164184471,2022-02-01,1,5.99
1643156091632-7535788871280500372,2022-01-26,1,5.99
1643215496573-3017421749352486303,2022-01-26,1,5.99
1643229101706-6840987412494701430,2022-01-26,1,5.99
1643247723177-3391406189267416527,2022-02-01,1,5.99
1643250054074-6269877219884798632,2022-01-27,1,5.99
1643250162127-2692323066749158427,2022-01-27,1,5.99
1643252287093-957693357653439234,2022-03-20,1,5.99
1643263151237-6995931452900940972,2022-01-27,1,5.99
1643405555911-4239713447422244778,2022-02-02,1,5.99
1643410122868-5956974878944851861,2022-01-29,1,5.99
1643431054332-1154411277477717024,2022-01-30,1,5.99
1643436830501-2498825759825333801,2022-01-30,1,5.99
1643464526021-1109720857617867472,2022-01-29,1,5.99
1643491085392-3103147729102672979,2022-07-24,1,5.99
1643496452743-7397147505671234071,2022-01-31,1,5.99
1643555135273-158946310338449335,2022-01-30,1,5.99
1643558604727-4403217119625847809,2022-01-31,1,5.99
1643559563347-5317421170815558142,2022-01-30,1,5.99
1643582452048-3837427661804914657,2022-01-31,1,5.99
1643596565381-5725776034154866000,2022-01-31,1,5.99
1643598503485-5921141195394801900,2022-02-03,1,5.99
1643637456164-7604747772840587812,2022-02-02,1,5.99
1643656107933-4317446820723944374,2022-01-31,1,5.99
1643669441695-1281563144365620750,2022-01-31,1,5.99
1643773199046-8482764406760443996,2022-02-02,1,5.99
1643810152467-3023618162212950432,2022-02-05,1,5.99
1643826813814-5458431508399349800,2022-02-02,1,5.99
1643844874475-1133951915302672019,2022-02-25,1,5.99
1643875011037-1119661291985575259,2022-02-08,1,5.99
1643901151089-1141615209102552790,2022-02-03,1,5.99
1643959218160-3673875854537421415,2022-02-04,1,5.99
1644004441835-6986050682225501753,2022-02-04,1,5.99
1644019635902-6394751208672399691,2022-02-05,1,5.99
1644020033629-2506714203226245317,2022-02-05,1,5.99
1644035098908-4470287460619687760,2022-02-05,1,5.99
1644169459546-1223191410331779787,2022-02-08,1,5.99
1644209276206-7822391564034944068,2022-02-07,1,5.99
1644240829434-9082792971922100393,2022-02-07,1,5.99
1644254628582-8284274474874349205,2022-02-07,1,5.99
1644290963400-8371363071209437344,2022-02-08,1,5.99
1644354968307-4677176563041397000,2022-02-11,1,5.99
1644358189496-5084956696178759689,2022-02-08,1,5.99
1644358362098-787039105768136340,2022-02-10,1,5.99
1644368166408-3586777870840631390,2022-02-09,1,5.99
1644432735345-6229609329487050561,2022-02-09,1,5.99
1644500145290-8549557307644808820,2022-02-10,1,5.99
1644516722733-4894281195567006175,2022-02-12,1,5.99
1644561756012-1047629243268975276,2022-02-11,1,5.99
1644594950734-1232083486375655920,2022-02-11,1,5.99
1644611663652-4831150961005512272,2022-02-12,1,5.99
1644618639748-9070298067958466039,2022-02-13,1,5.99
1644672592759-1985546517566831727,2022-02-12,1,5.99
1644675062708-3334430638042719706,2022-02-12,1,5.99
1644692777972-3798059395790095171,2022-02-12,1,5.99
1644693646080-1539286708688469992,2022-02-12,1,5.99
1644716261692-8948038689471067261,2022-02-13,1,5.99
1644727926147-243175945623363006,2022-02-13,1,5.99
1644798722355-244081877931466286,2022-02-14,1,5.99
1644804739365-5860253933602921460,2022-02-14,1,5.99
1644805447840-3077726323120016226,2022-02-14,1,5.99
1644809591656-2497210306474635434,2022-02-14,1,5.99
1644894900587-4264794585126130871,2022-02-15,1,5.99
1644906667457-21569437954768629,2022-02-15,1,5.99
1644961542433-1463142299752169601,2022-02-16,1,5.99
1644977742007-8397568250140973692,2022-02-16,1,5.99
1644984054518-48133805005113694,2022-02-20,1,5.99
1645054925208-1699000428015888547,2022-03-16,1,5.99
1645138830256-5695036283118551959,2022-02-17,1,5.99
1645151805180-300439224668456858,2022-02-18,1,5.99
1645402956868-7106064288782744308,2022-02-21,1,5.99
1645412516726-9033219575051567400,2022-02-21,1,5.99
1645495414836-6027647603891721385,2022-02-22,1,5.99
1645497823000-7943484771122162850,2022-02-22,1,5.99
1645503840260-2479418187507565345,2022-02-25,1,5.99
1645534797217-2894381605208802654,2022-02-22,1,5.99
1645580816924-1832800615267369763,2022-02-23,1,5.99
1645581121539-4123019785374046925,2022-02-23,1,5.99
1645628906850-1834721955621134678,2022-02-23,1,5.99
1645668517549-7969072146540915057,2022-03-04,1,5.99
1645677242055-8086534680711066006,2022-02-24,1,5.99
1645725422127-8541342082239953215,2022-02-24,1,5.99
1645739918872-1994547540458594914,2022-02-24,1,5.99
1645744756388-8457328112856624631,2022-02-24,1,5.99
1645773748101-808993419094333069,2022-02-25,1,5.99
1645906816261-8468152519691069662,2022-02-26,1,5.99
1645909314230-8461749765541880961,2022-02-26,1,5.99
1645969579346-7599305456930206633,2022-02-27,1,5.99
1645972345708-3890014622471263402,2022-02-27,1,5.99
1646006557612-3276602855416430117,2022-02-28,1,5.99
1646021406853-5878059246328924091,2022-02-28,1,5.99
1646205171149-3403341314634716949,2022-03-02,1,5.99
1646321276196-7884591268898302522,2022-03-03,1,5.99
1646341219270-5135882293720182179,2022-03-03,1,5.99
1646355882689-7092634549046392683,2022-03-04,1,5.99
1646366855236-8178817019913501956,2022-03-04,1,5.99
1646414271116-7022979761240671169,2022-03-04,1,5.99
1646447760038-4933303787313284488,2022-03-05,1,5.99
1646447812400-7117474400397218941,2022-03-07,1,5.99
1646505153258-8287573092499891023,2022-03-05,1,5.99
1646509465382-5928117213512745303,2022-03-05,1,5.99
1646526630138-2058977765420308118,2022-03-06,1,5.99
1646533877146-869512487716531419,2022-03-07,1,5.99
1646546558299-5227654620349257709,2022-03-07,1,5.99
1646612364340-1811377948978370609,2022-03-10,1,5.99
1646623611110-4025800907179505343,2022-03-07,1,5.99
1646626284747-5458996705812455895,2022-03-07,1,5.99
1646651058030-7015482163379782218,2022-03-07,1,5.99
1646723915857-6341106767290549837,2022-03-08,1,5.99
1646740125582-4380249159541912240,2022-03-08,1,5.99
1646743267062-4517756347887859015,2022-03-08,1,5.99
1646782422690-2386885666256682294,2022-03-09,1,5.99
1646798245141-9219005710754449143,2022-03-09,1,5.99
1646805385450-1143596282136157145,2022-03-09,1,5.99
1646832249006-5400616787478234996,2022-03-10,1,5.99
1646860279918-865989072039128519,2022-03-10,1,5.99
1646867638742-1434660565939537525,2022-04-04,1,5.99
1646874731593-7878677940183862279,2022-03-10,1,5.99
1646902377914-6862530243864865140,2022-03-14,1,5.99
1646936889710-3696786373293736962,2022-03-13,1,5.99
1646945873696-2406723333170185751,2022-03-11,1,5.99
1646967482131-2270230736511033187,2022-03-11,1,5.99
1646983673586-1852436691657716399,2022-03-14,1,5.99
1647038924854-7064040343072514342,2022-03-13,1,5.99
1647138920274-2519769503783561072,2022-03-14,1,5.99
1647151148644-1632993070454903565,2022-03-14,1,5.99
1647161545636-8285973497006301747,2022-03-13,1,5.99
1647211398017-1065220508208004518,2022-03-13,1,5.99
1647270752702-8475016063833292944,2022-03-14,1,5.99
1647273477271-6314471945990462502,2022-03-14,1,5.99
1647279477700-2445812116260583364,2022-03-14,1,5.99
1647280011870-3601979823485076114,2022-03-14,1,5.99
1647280404541-4846741420514151038,2022-03-14,1,5.99
1647281451271-266356639509707499,2022-03-14,1,5.99
1647281579889-7790112568365123245,2022-04-16,1,5.99
1647281786573-4931849277217401184,2022-03-14,1,5.99
1647309002996-8712565278368626515,2022-03-15,1,5.99
1647309826738-8590191994649583252,2022-03-15,1,5.99
1647335430404-220873915041884902,2022-03-15,1,5.99
1647337612197-2065265148228482811,2022-03-15,1,5.99
1647402148490-1650758328685618749,2022-03-16,1,5.99
1647409712912-4296088661626287604,2022-03-16,1,5.99
1647422165936-2910101473361972287,2022-03-16,1,5.99
1647448018906-3838349376719884553,2022-03-17,1,5.99
1647452214295-6226399602102932729,2022-03-16,1,5.99
1647473872790-1306817305818204135,2022-03-16,1,5.99
1647480489643-8009040111845212580,2022-03-17,1,5.99
1647486063295-9217078352884350789,2022-03-17,1,5.99
1647488017724-6490022298165863908,2022-03-17,1,5.99
1647494922648-6580081769471455928,2022-03-17,1,5.99
1647576011935-464068115448752601,2022-03-19,1,5.99
1647580766174-5545599544585170032,2022-03-18,1,5.99
1647606126413-2471935695402733932,2022-03-18,1,5.99
1647621091912-5869688420600336229,2022-03-18,1,5.99
1647651667264-1397854758362033706,2022-04-14,1,5.99
1647718208452-1750331045965177384,2022-03-21,1,5.99
1647741827168-4848063390098956728,2022-03-20,1,5.99
1647743709117-3165318930181993909,2022-03-20,1,5.99
1647765756816-1734808308113652505,2022-03-24,1,5.99
1647862107957-3287045135061930178,2022-04-01,1,5.99
1647917729635-8959028454313240695,2022-03-22,1,5.99
1647926326013-4167050653515635110,2022-03-22,1,5.99
1647928827115-7009156613907283611,2022-03-22,1,5.99
1647956092840-402252354869509171,2022-03-22,1,5.99
1647990543779-1616365345227935130,2022-03-22,1,5.99
1648010511625-8566701869786986926,2022-03-23,1,5.99
1648055613860-534974977702450354,2022-03-23,1,5.99
1648078637377-683135292233704901,2022-03-26,1,5.99
1648085104167-4992191514485305489,2022-03-24,1,5.99
1648088383996-803159865575852842,2022-03-24,1,5.99
1648090921770-5587015679396894507,2022-03-24,1,5.99
1648148559574-4004368976782547670,2022-04-01,1,5.99
1648212174917-6948968858277158106,2022-03-27,1,5.99
1648229296640-4055850619367928920,2022-03-25,1,5.99
1648237411961-340892683868812779,2022-03-25,1,5.99
1648251899033-2262091646795490894,2022-03-26,1,5.99
1648278528612-5722631893893929114,2022-03-26,1,5.99
1648328846484-9194225273943488013,2022-03-26,1,5.99
1648370674473-545815008894930966,2022-03-27,1,5.99
1648403527800-3919942821067860152,2022-03-28,1,5.99
1648403629920-6217504289763077822,2022-03-27,1,5.99
1648415773317-1182880050162166112,2022-03-31,1,5.99
1648446937504-8252600184973577851,2022-04-10,1,5.99
1648514072730-3905380409335812769,2022-04-01,1,5.99
1648537252732-2415813765734441960,2022-04-25,1,5.99
1648578248812-7464820002547836520,2022-03-29,1,5.99
1648596015214-7885164698291468982,2022-03-29,1,5.99
1648596085658-2259654067761541467,2022-03-29,1,5.99
1648603489452-2091714419862866963,2022-03-30,1,5.99
1648604429098-1568057338047300610,2022-03-30,1,5.99
1648615013527-7344678937060938401,2022-03-30,1,5.99
1648630867657-5011053905688901414,2022-05-01,1,5.99
1648683574143-7292354515069745658,2022-04-03,1,5.99
1648726805286-8072175309941844141,2022-03-31,1,5.99
1648760310451-4211418571634660819,2022-04-03,1,5.99
1648775158288-5333948641718441959,2022-04-01,1,5.99
1648811051453-5555526886562452376,2022-04-01,1,5.99
1648812246247-7089478704093362661,2022-04-04,1,5.99
1648834392251-3256252916953050475,2022-04-01,1,5.99
1648877943774-6903074062337995847,2022-04-02,1,5.99
1648887644045-5356765980880559522,2022-04-02,1,5.99
1648891903029-8990239688733679291,2022-04-02,1,5.99
1648895431695-9194468584351155041,2022-04-03,1,5.99
1648967851979-2617908475241810354,2022-04-03,1,5.99
1648993058970-179860310590924540,2022-04-03,1,5.99
1648993322831-1868326894959728212,2022-04-03,1,5.99
1649132390104-1756553521126964699,2022-04-05,1,5.99
1649178025163-4153564282190178005,2022-04-05,1,5.99
1649181746422-1893289001041071843,2022-05-26,1,5.99
1649201533495-1402925707976383355,2022-04-05,1,5.99
1649231941119-5685662695140149030,2022-04-06,1,5.99
1649268748040-7175946113424048627,2022-04-06,1,5.99
1649346257286-3432716324501109551,2022-04-08,1,5.99
1649370949681-9084273067236505764,2022-04-07,1,5.99
1649392162267-7622492210256883130,2022-04-09,1,5.99
1649466297583-246150024552576397,2022-04-09,1,5.99
1649534835814-2793608337932475795,2022-04-10,1,5.99
1649562700534-8758516240680710142,2022-04-10,1,5.99
1649574002765-5575465688535139740,2022-04-10,1,5.99
1649622041002-1341839013615058528,2022-04-10,1,5.99
1649626169232-5689412884216037643,2022-04-10,1,5.99
1649688800358-1938770462212743491,2022-04-11,1,5.99
1649700197426-3202981803523784339,2022-04-12,1,5.99
1649703371789-3623945975848638294,2022-04-13,1,5.99
1649766837143-2694324657379434992,2022-04-15,1,5.99
1649789087492-8603078098179983519,2022-04-13,1,5.99
1649802113534-6960603804498618384,2022-04-15,1,5.99
1649807554119-1422685819449093977,2022-04-14,1,5.99
1649815690620-243484669314719575,2022-04-13,1,5.99
1649883502651-846204880516424660,2022-04-13,1,5.99
1649891145091-1884836590575332745,2022-04-15,1,5.99
1649911004248-1763700836134261780,2022-04-14,1,5.99
1649916809905-3940240346929962785,2022-04-15,1,5.99
1649973560906-598717565570912793,2022-04-14,1,5.99
1649990127743-3757225304408197341,2022-04-30,1,5.99
1650042923045-8982318555612646142,2022-07-03,1,5.99
1650063217244-7715803450700265165,2022-04-15,1,5.99
1650079561487-7482219920797879888,2022-05-20,1,5.99
1650080937712-1798645981237503398,2022-04-21,1,5.99
1650169790920-3992896750890336288,2022-04-26,1,5.99
1650207839078-829008417511437865,2022-04-17,1,5.99
1650328351985-1418188475525895610,2022-04-19,1,5.99
1650335472439-3378825535216903404,2022-04-19,1,5.99
1650361447305-8104030954907536494,2022-04-19,1,5.99
1650414276033-5673062284830692996,2022-04-20,1,5.99
1650417180067-5171369685865423526,2022-04-20,1,5.99
1650421866289-555090910778080223,2022-04-20,1,5.99
1650424533553-6165326308674050922,2022-04-20,1,5.99
1650509365174-2781059901906519078,2022-04-21,1,5.99
1650525562491-6114815788616326883,2022-04-21,1,5.99
1650537023031-4577738203567153842,2022-04-21,1,5.99
1650549502125-322747739876375124,2022-04-21,1,5.99
1650552292016-1161807905492610244,2022-04-21,1,5.99
1650584741793-8290647573085797070,2022-04-21,1,5.99
1650586196923-5466902360552109834,2022-04-22,1,5.99
1650630510681-8894050731470974222,2022-05-01,1,5.99
1650649144719-8152816097778914622,2022-04-23,1,5.99
1650655395272-2282914713489419745,2022-04-24,1,5.99
1650657251008-7690919574434076704,2022-04-22,1,5.99
1650683345600-867144356250196537,2022-04-23,1,5.99
1650695188112-6673258538409193923,2022-04-23,1,5.99
1650761108508-2940378283341497753,2022-04-24,1,5.99
1650768024856-5440032259530493321,2022-04-27,1,5.99
1650814645898-8661848572130148595,2022-04-26,1,5.99
1650834087227-2036298484824866300,2022-04-24,1,5.99
1650840168736-5286241147362358756,2022-04-24,1,5.99
1650861057004-9124983278680065,2022-04-25,1,5.99
1650864795566-7693720049943611443,2022-04-26,1,5.99
1650894136449-7664691450710991647,2022-04-27,1,5.99
1650901685274-5728843220944486695,2022-04-25,1,5.99
1650938530731-2903114134240904645,2022-05-06,1,5.99
1650987693067-2508355002183104025,2022-04-26,1,5.99
1650996464433-9154609210792673611,2022-04-30,1,5.99
1651010975098-1231047429854841467,2022-04-26,1,5.99
1651011833859-9053548051239831601,2022-04-26,1,5.99
1651023867893-5080992238530410926,2022-05-03,1,5.99
1651039006116-5086411305016501818,2022-04-29,1,5.99
1651078853547-469280672590463736,2022-04-27,1,5.99
1651079585279-419083969466276357,2022-04-28,1,5.99
1651094892386-8995155899551554617,2022-04-27,1,5.99
1651097920104-242529406048013776,2022-04-27,1,5.99
1651102986768-9084963352567705688,2022-04-27,1,5.99
1651104167580-6338992587882506713,2022-04-28,1,5.99
1651104285913-9040456449634109722,2022-04-28,1,5.99
1651131550836-5249423025549974581,2022-04-29,1,5.99
1651171208700-196652323860510009,2022-04-28,1,5.99
1651175029998-8245335934356151282,2022-04-29,1,5.99
1651184257459-3932572711503721610,2022-04-28,1,5.99
1651188564864-121680051527211716,2022-04-28,1,5.99
1651193287357-9206261280230337867,2022-05-07,1,5.99
1651202712654-5325530917362549352,2022-04-29,1,5.99
1651223344459-6874859484038887883,2022-05-17,1,5.99
1651241128852-2375459093512395634,2022-04-29,1,5.99
1651251294363-1410535083079446138,2022-05-04,1,5.99
1651264494483-3929699855281634870,2022-04-29,1,5.99
1651271425161-6906565012371975814,2022-04-30,1,5.99
1651272533186-6412836668269217600,2022-05-08,1,5.99
1651285345501-253514971248939446,2022-04-30,1,5.99
1651296890858-3104866481772326525,2022-04-30,1,5.99
1651341775297-7010605598435875516,2022-04-30,1,5.99
1651346984819-3704008819543797327,2022-04-30,1,5.99
1651359470571-2816145383236911066,2022-05-02,1,5.99
1651374021273-7433678198859495065,2022-05-01,1,5.99
1651401409885-3074898639553477068,2022-05-01,1,5.99
1651424235782-7239945352480618045,2022-05-01,1,5.99
1651430341414-4150997795254855142,2022-05-04,1,5.99
1651437336927-2310334632698178926,2022-05-02,1,5.99
1651467350270-7030019792909985086,2022-05-02,1,5.99
1651485692535-7610702747140607767,2022-05-02,1,5.99
1651487094069-5728237312060313906,2022-05-02,1,5.99
1651543529248-5904392742888781749,2022-05-03,1,5.99
1651546252705-9142476825174152231,2022-05-03,1,5.99
1651548168775-7632209621029855022,2022-05-03,1,5.99
1651551991608-2263906128033913129,2022-05-03,1,5.99
1651555874432-2266978407294603677,2022-05-03,1,5.99
1651557461544-3733028271486969454,2022-07-02,1,5.99
1651561165337-3823503785932257312,2022-05-03,1,5.99
1651561221365-9143045400021679445,2022-05-06,1,5.99
1651615743176-4393906864469426780,2022-05-04,1,5.99
1651622791573-2764453943644216037,2022-05-04,1,5.99
1651628236048-416071638685445279,2022-05-04,1,5.99
1651643465667-6278242701062147288,2022-05-04,1,5.99
1651652093230-1539059862103528263,2022-05-04,1,5.99
1651689000745-5776067635553885976,2022-05-04,1,5.99
1651695088768-8376791607451115592,2022-05-05,1,5.99
1651695589553-1077973968588660128,2022-05-04,1,5.99
1651710122781-7919686189797884415,2022-05-06,1,5.99
1651712704303-1812570623198328957,2022-05-05,1,5.99
1651715692751-271182765537456450,2022-05-05,1,5.99
1651718444426-5465789772640629226,2022-05-07,1,5.99
1651776522989-8745109905496093042,2022-05-05,1,5.99
1651786902352-2991224360529415174,2022-05-05,1,5.99
1651793830081-8376276845659998224,2022-05-05,1,5.99
1651813869203-836561158461885230,2022-05-14,1,5.99
1651857810375-6842677217925085662,2022-05-06,1,5.99
1651865993213-4254533263115866424,2022-05-06,1,5.99
1651889834046-1581240874335351618,2022-05-07,1,5.99
1651891552423-3206665851216463545,2022-05-07,1,5.99
1651894439269-1582380928766043491,2022-05-07,1,5.99
1651895135907-8808787930773615766,2022-07-17,1,5.99
1651896240442-5738805476244476628,2022-05-07,1,5.99
1651897545191-6021785383502971167,2022-05-07,1,5.99
1651928484542-623092371349821356,2022-05-07,1,5.99
1651946277907-2743718334760126518,2022-05-08,1,5.99
1651953147306-7329860666109549743,2022-05-07,1,5.99
1651960544608-939505390097567562,2022-05-07,1,5.99
1651974125655-1081956131080843096,2022-05-08,1,5.99
1651978100082-3219676920822832318,2022-05-08,1,5.99
1651981594143-788725910449212649,2022-05-08,1,5.99
1651985246778-4243205366717735461,2022-05-08,1,5.99
1652046008440-2861998006386730481,2022-05-08,1,5.99
1652061754220-5616967975817198544,2022-05-09,1,5.99
1652062875070-2540271400541149192,2022-05-12,1,5.99
1652063565541-8488224676884376973,2022-05-09,1,5.99
1652065233440-2349115013158518927,2022-05-09,1,5.99
1652071381641-4657400015022304959,2022-05-09,1,5.99
1652089156253-2787665370354003197,2022-05-09,1,5.99
1652099473081-6088189009255198150,2022-05-09,1,5.99
1652125070439-6260051448173749253,2022-05-09,1,5.99
1652152989105-1703482478858344166,2022-05-10,1,5.99
1652162076710-3462181804674563333,2022-05-10,1,5.99
1652192300832-2469033638255175926,2022-05-10,1,5.99
1652212813128-7806309484428093155,2022-07-08,1,5.99
1652227133695-1228417281974961258,2022-05-10,1,5.99
1652237685551-631166330457789756,2022-05-11,1,5.99
1652240919928-4961373583196098834,2022-05-11,1,5.99
1652329325044-932585367349144661,2022-05-12,1,5.99
1652376184402-1033858639040202752,2022-05-12,1,5.99
1652382574593-8747927267391740276,2022-05-29,1,5.99
1652400976617-5656930295269103,2022-05-13,1,5.99
1652540473398-4541301163040647377,2022-05-14,1,5.99
1652557521425-4092449733364025256,2022-05-14,1,5.99
1652576093861-6734367990387127846,2022-05-15,1,5.99
1652626316920-5317091300294005057,2022-05-15,1,5.99
1652628044567-6047053901604937963,2022-05-15,1,5.99
1652628885932-862754125778328073,2022-05-15,1,5.99
1652640446251-296303483448205160,2022-05-15,1,5.99
1652660760130-340491390445748535,2022-05-16,1,5.99
1652708496053-6400452184009747532,2022-05-16,1,5.99
1652730975047-8645612263281736173,2022-05-16,1,5.99
1652739231607-5865107598172844195,2022-05-16,1,5.99
1652805501886-8454452482113026731,2022-05-17,1,5.99
1652828890451-6742020510899439435,2022-05-17,1,5.99
1652830226265-6560473477448264957,2022-05-21,1,5.99
1652842638174-1354744384854315985,2022-05-29,1,5.99
1652910189244-6767186846950318469,2022-05-18,1,5.99
1652922475381-6301403674980499846,2022-05-19,1,5.99
1652926800842-5157273741299742682,2022-06-17,1,5.99
1652975256572-6557470614897916001,2022-05-19,1,5.99
1652977704435-8358204929928112915,2022-05-19,1,5.99
1652981407207-9006368397318281730,2022-05-25,1,5.99
1652994710631-2570793505365560446,2022-05-19,1,5.99
1653008898514-6034401295783088850,2022-05-20,1,5.99
1653014695623-6037983704849205994,2022-05-20,1,5.99
1653095823321-8896008005122743416,2022-05-21,1,5.99
1653099635936-8934898498664908601,2022-05-21,1,5.99
1653112070015-6774938728773122543,2022-05-21,1,5.99
1653207812882-7937061914923993748,2022-05-22,1,5.99
1653216828565-6859037086134118557,2022-05-22,1,5.99
1653226215686-288768158501304354,2022-05-22,1,5.99
1653262382538-1591606686341610645,2022-05-22,1,5.99
1653271963777-7163397572077764559,2022-05-23,1,5.99
1653273963247-6135861058840260379,2022-05-23,1,5.99
1653316525223-8519039459448915596,2022-05-23,1,5.99
1653337049598-8497925332217681714,2022-05-23,1,5.99
1653350594081-2233180140631375402,2022-05-24,1,5.99
1653353979939-4521667674575173696,2022-05-24,1,5.99
1653354200754-3633696657395082887,2022-05-24,1,5.99
1653376084585-1305605086264846355,2022-05-24,1,5.99
1653401060172-3807914738860419070,2022-05-24,1,5.99
1653454258174-6494088110028591825,2022-06-01,1,5.99
1653466697729-2238505038088001030,2022-05-27,1,5.99
1653495932816-5802744915783871678,2022-05-25,1,5.99
1653497033690-8973873713433293176,2022-05-26,1,5.99
1653499786344-4539586869531002571,2022-05-25,1,5.99
1653503619829-7696061281719075110,2022-05-26,1,5.99
1653517765831-8124458206723681814,2022-05-26,1,5.99
1653518042143-1820667189710223744,2022-05-25,1,5.99
1653524295452-4601655693544087574,2022-06-04,1,5.99
1653528250427-2633904533144483880,2022-05-26,1,5.99
1653528522983-7726032531492939741,2022-05-26,1,5.99
1653533436138-8943733899087148748,2022-05-26,1,5.99
1653540582129-6969088045073588273,2022-05-26,1,5.99
1653545755626-6655894602746904857,2022-05-29,1,5.99
1653546852684-4204706479791972410,2022-05-28,1,5.99
1653602716890-6454517971020275994,2022-05-26,1,5.99
1653603168014-6978778963270738867,2022-05-26,1,5.99
1653613469281-3699135326643911371,2022-05-27,1,5.99
1653619211573-4451407067135988375,2022-06-08,1,5.99
1653623481886-402108233362283117,2022-05-27,1,5.99
1653631290578-9140237859164682569,2022-05-27,1,5.99
1653638757252-9212928702864985014,2022-06-02,1,5.99
1653663668961-7470184194924436090,2022-07-28,1,5.99
1653671559525-8592708553863970064,2022-05-27,1,5.99
1653680150553-5719939427344359830,2022-07-12,1,5.99
1653704721431-4676064935605307947,2022-07-10,1,5.99
1653705648792-8169414512867272421,2022-05-28,1,5.99
1653720815114-2454127059056694533,2022-05-28,1,5.99
1653725197451-3297744250309018515,2022-06-04,1,5.99
1653731323464-7035662094414479305,2022-05-28,1,5.99
1653747200252-858018248595701477,2022-05-28,1,5.99
1653759745564-5933656699712527750,2022-05-31,1,5.99
1653773329912-8308370030582373839,2022-05-28,1,5.99
1653773410359-6721810742357695212,2022-05-29,1,5.99
1653782420235-1274034174770145917,2022-05-30,1,5.99
1653788060686-5005454311123158987,2022-05-29,1,5.99
1653790755339-3475934404955598525,2022-05-29,1,5.99
1653791024485-8722844227144655774,2022-05-29,1,5.99
1653803286517-5889140750453064780,2022-05-29,1,5.99
1653837305116-5789766693821780825,2022-06-12,1,5.99
1653846510455-6529283512993637267,2022-05-30,1,5.99
1653848617311-5921955548756798455,2022-05-29,1,5.99
1653856646113-944128398332777446,2022-05-30,1,5.99
1653869990258-8365411680322418065,2022-05-30,1,5.99
1653871919555-3673577606054402488,2022-05-30,1,5.99
1653875744262-5452527950936883532,2022-05-30,1,5.99
1653877683555-8619609959020241671,2022-05-30,1,5.99
1653909865953-7547418399129907234,2022-06-03,1,5.99
1653927595069-649996435122683216,2022-05-30,1,5.99
1653929773033-4588297379488630222,2022-05-30,1,5.99
1653931175511-5892812677778960827,2022-05-31,1,5.99
1653931872083-4678031892256021605,2022-05-30,1,5.99
1653934639571-6188938260512636683,2022-05-30,1,5.99
1653939520239-8439041081216226151,2022-05-30,1,5.99
1653939952377-4630491565871911227,2022-05-30,1,5.99
1653940845474-3301879940369232133,2022-05-30,1,5.99
1653945246239-1084131192003640718,2022-05-30,1,5.99
1653945971705-4618642874083781454,2022-05-30,1,5.99
1653951399740-1600561078811100255,2022-05-31,1,5.99
1653961342423-4077545666480094821,2022-05-31,1,5.99
1653961887034-2908307936020714559,2022-05-31,1,5.99
1653966349795-1218825162365505173,2022-05-31,1,5.99
1654007490598-2854836153173402444,2022-05-31,1,5.99
1654013147378-5681544285714954795,2022-05-31,1,5.99
1654013153714-1764659934344987632,2022-05-31,1,5.99
1654019666881-2206446235067158644,2022-05-31,1,5.99
1654021076196-5522741141291309884,2022-05-31,1,5.99
1654046115769-1377031923829431282,2022-06-01,1,5.99
1654051381762-8288897171177586864,2022-06-01,1,5.99
1654056311194-6612116936247327474,2022-06-01,1,5.99
1654063192285-1931204110949723867,2022-06-01,1,5.99
1654065678809-6879457735277094981,2022-06-01,1,5.99
1654076488563-5423658346973067877,2022-06-01,1,5.99
1654087609995-362825573624984143,2022-06-02,1,5.99
1654094729257-8912398165680091073,2022-06-01,1,5.99
1654106862085-3657831732563458074,2022-06-06,1,5.99
1654110467509-4123845114569693970,2022-06-01,1,5.99
1654136732606-8143784173833634369,2022-06-02,1,5.99
1654151457645-5153452520618785956,2022-06-02,1,5.99
1654186655091-1041924924361071806,2022-06-03,1,5.99
1654209147637-6650340574392117828,2022-06-02,1,5.99
1654213040983-4531845302760085650,2022-06-03,1,5.99
1654220765617-2917744038896752303,2022-06-03,1,5.99
1654228257729-72250603949388373,2022-06-03,1,5.99
1654230779831-5046084729530694,2022-06-03,1,5.99
1654242064809-6525179158059899539,2022-06-03,1,5.99
1654244466471-4633592661283753761,2022-06-06,1,5.99
1654261883760-2739210733108471451,2022-06-03,1,5.99
1654273426853-4969043253739378480,2022-06-16,1,5.99
1654282678383-6206131158926798097,2022-06-03,1,5.99
1654282909980-3517893239929603885,2022-06-03,1,5.99
1654292781827-1980992663401392586,2022-06-03,1,5.99
1654293297779-1085664709174210750,2022-06-06,1,5.99
1654312422648-1042921520579006606,2022-06-04,1,5.99
1654318950992-5037432210790938507,2022-06-04,1,5.99
1654320813284-4026978603125262084,2022-06-06,1,5.99
1654329202276-6101623272806745975,2022-06-04,1,5.99
1654330810468-5561542924646807495,2022-06-05,1,5.99
1654333656005-1262474087905183141,2022-06-05,1,5.99
1654344689631-8926699521399305246,2022-06-04,1,5.99
1654360405140-3114719442479480570,2022-06-04,1,5.99
1654366166442-6097612774451899580,2022-06-04,1,5.99
1654384727659-5692360946202637949,2022-06-04,1,5.99
1654421160133-3279400164587243882,2022-06-05,1,5.99
1654432409335-6627633604412023451,2022-06-06,1,5.99
1654436649386-5524486483113881025,2022-06-09,1,5.99
1654443678078-6051196828514840125,2022-06-05,1,5.99
1654451001846-6246608394617177937,2022-06-05,1,5.99
1654453089741-5392415536679366042,2022-06-05,1,5.99
1654455915014-9171994001939139505,2022-06-07,1,5.99
1654459540432-1617994143418972006,2022-06-05,1,5.99
1654468230299-178195957735585780,2022-06-05,1,5.99
1654472312443-4205989909190031959,2022-06-08,1,5.99
1654472605081-2775441178048145659,2022-06-06,1,5.99
1654482427489-5709911907417748956,2022-06-06,1,5.99
1654486778253-3951375530429597367,2022-06-06,1,5.99
1654489503490-5588635416853438659,2022-06-06,1,5.99
1654491280787-8555693222977937689,2022-06-06,1,5.99
1654493392891-5227192209544086252,2022-06-08,1,5.99
1654495768379-5929866031699872875,2022-06-06,1,5.99
1654521969992-6666779030565978867,2022-06-07,1,5.99
1654527161280-7205611887630253341,2022-06-06,1,5.99
1654529580844-7608952911258932197,2022-06-06,1,5.99
1654541032794-7782718549060380572,2022-06-19,1,5.99
1654555259245-6130043522519729491,2022-06-06,1,5.99
1654557913611-8758321195804468964,2022-06-08,1,5.99
1654560128725-214948917272900013,2022-06-07,1,5.99
1654561971687-1656014656806914604,2022-06-17,1,5.99
1654568961406-3381393954946176168,2022-06-07,1,5.99
1654569505086-7776907998977198060,2022-06-07,1,5.99
1654583112978-1114233923221465507,2022-06-07,1,5.99
1654583123977-5146782849990086685,2022-06-07,1,5.99
1654630980442-4052281669319195686,2022-06-07,1,5.99
1654631962752-6922535458702994695,2022-06-07,1,5.99
1654651493094-7234876132562805923,2022-06-11,1,5.99
1654665914343-226879042510921551,2022-06-08,1,5.99
1654680704655-6622410753277283577,2022-06-08,1,5.99
1654744503986-2400982893999184200,2022-06-09,1,5.99
1654752984153-2440075870025278110,2022-06-09,1,5.99
1654762570486-3425158283593343452,2022-06-21,1,5.99
1654822509629-5110246625189407511,2022-06-10,1,5.99
1654825634977-751485147220828401,2022-06-10,1,5.99
1654833674703-5643433714492351155,2022-06-10,1,5.99
1654841241913-4546143289696073475,2022-06-21,1,5.99
1654859734085-4780960332876896006,2022-06-10,1,5.99
1654878888669-1753387028201131616,2022-06-10,1,5.99
1654879938193-1789628000704274543,2022-06-10,1,5.99
1654901964470-4129784743736078789,2022-06-10,1,5.99
1654922627576-2880721130772948002,2022-06-11,1,5.99
1654923349508-1287093311493405668,2022-06-11,1,5.99
1654934777002-7217910581210376179,2022-06-11,1,5.99
1654957971311-5373129405313671481,2022-06-11,1,5.99
1654990880644-4503296818389552442,2022-06-27,1,5.99
1654998971502-2976292807736449289,2022-06-12,1,5.99
1655007660896-4990537184622586741,2022-06-12,1,5.99
1655025543448-6010320990193185776,2022-06-12,1,5.99
1655038452886-5665768788509061218,2022-06-13,1,5.99
1655039457714-7314438186851849158,2022-06-12,1,5.99
1655041576644-745538494959793414,2022-06-12,1,5.99
1655057368373-5804899840746896454,2022-06-12,1,5.99
1655072924582-3051120093154534020,2022-06-12,1,5.99
1655173550339-1657649918228400754,2022-06-14,1,5.99
1655194359426-6759964179040934723,2022-06-14,1,5.99
1655199792815-2967419056943282768,2022-06-14,1,5.99
1655239832555-4197833163936897352,2022-07-01,1,5.99
1655241911541-6566374712683143163,2022-07-12,1,5.99
1655250143951-4578809254946423743,2022-06-14,1,5.99
1655269250352-4654978067743231466,2022-06-15,1,5.99
1655326012908-1183711070256894404,2022-06-16,1,5.99
1655361957238-2333068610021663091,2022-06-16,1,5.99
1655363376069-2644747728183754490,2022-06-16,1,5.99
1655396875395-7187839101435248412,2022-06-16,1,5.99
1655449121539-6393249044625473148,2022-06-17,1,5.99
1655504987419-2679504466729016069,2022-06-17,1,5.99
1655514506629-3433643750640348341,2022-06-18,1,5.99
1655525131611-3493354546604948800,2022-06-18,1,5.99
1655596767966-6648706568905222123,2022-06-19,1,5.99
1655606228717-6980397827362195105,2022-06-22,1,5.99
1655683878264-3658367208853615667,2022-06-20,1,5.99
1655768268217-7881139753121171764,2022-06-22,1,5.99
1655854872018-8197990312060481220,2022-06-21,1,5.99
1655913505435-5778186325622958606,2022-06-22,1,5.99
1655938212055-2482584237800066451,2022-06-22,1,5.99
1655938882051-8972549400167652161,2022-06-23,1,5.99
1655942858613-9086534136566562237,2022-06-27,1,5.99
1655953489290-1851964920525014719,2022-06-23,1,5.99
1655963917356-2009544851731044908,2022-06-23,1,5.99
1655992453816-5542027108010517651,2022-06-23,1,5.99
1656122871710-560681288240941575,2022-06-25,1,5.99
1656164850803-4495880737031856514,2022-06-30,1,5.99
1656174980500-1106556510379690991,2022-06-25,1,5.99
1656182072085-3689129101842064541,2022-07-03,1,5.99
1656196845116-2210463726836182564,2022-06-25,1,5.99
1656197311940-1041827419112106552,2022-06-27,1,5.99
1656253164530-1573875912369653286,2022-06-26,1,5.99
1656264510425-7470557491661798706,2022-06-26,1,5.99
1656374636099-8142044703420431219,2022-06-28,1,5.99
1656405746847-290521448641709210,2022-07-02,1,5.99
1656448023799-8343609104291125818,2022-06-28,1,5.99
1656454488184-5781339498184077057,2022-06-30,1,5.99
1656468637928-7360651298638609780,2022-06-29,1,5.99
1656470582002-3029480752961085794,2022-06-29,1,5.99
1656482007734-8279467367618868674,2022-07-05,1,5.99
1656524176484-4624608481564304792,2022-06-29,1,5.99
1656542505044-2243345475671771304,2022-06-29,1,5.99
1656545130463-5367445934783533021,2022-06-29,1,5.99
1656549801867-3477444315413073031,2022-06-30,1,5.99
1656554431631-506877627147242912,2022-06-30,1,5.99
1656557131476-289777728581709996,2022-06-30,1,5.99
1656563555896-1685083754124977333,2022-06-30,1,5.99
1656593454345-3064921776535294011,2022-06-30,1,5.99
1656723214678-8639892524302348514,2022-07-02,1,5.99
1656723778620-3093452735551369440,2022-07-02,1,5.99
1656819739134-8964032418365365969,2022-07-03,1,5.99
1656820558379-4727903276379901246,2022-07-03,1,5.99
1656829475544-2110268869623981566,2022-07-03,1,5.99
1656842496619-5697537808015411500,2022-07-03,1,5.99
1656851021957-191498010954155919,2022-07-04,1,5.99
1656887194549-9173541211854002730,2022-07-05,1,5.99
1656896648941-3328980698420790808,2022-07-04,1,5.99
1656923418428-1460524127787424284,2022-07-04,1,5.99
1656981114717-1077579737396007598,2022-07-05,1,5.99
1657007106932-3419270516142243892,2022-07-05,1,5.99
1657056911260-8556181884673488315,2022-07-05,1,5.99
1657078055302-4648919266938751381,2022-07-06,1,5.99
1657172771326-3620410493457017289,2022-07-12,1,5.99
1657243670451-2688797298081255397,2022-07-08,1,5.99
1657285081987-7133843713074563095,2022-07-08,1,5.99
1657381743138-857371602206268362,2022-07-09,1,5.99
1657543589914-5008198266151626487,2022-07-11,1,5.99
1657655512044-7571160397795734382,2022-07-13,1,5.99
1657664594109-8355681724282206022,2022-07-13,1,5.99
1657673317299-8611266147201231644,2022-07-13,1,5.99
1657728614463-2689702486556306128,2022-07-13,1,5.99
1657737323791-1035045555458790571,2022-07-13,1,5.99
1657775632953-6070088924881424790,2022-07-14,1,5.99
1657826157080-1032332564489479092,2022-07-14,1,5.99
1657861933287-6496695334839003140,2022-07-15,1,5.99
1657864069414-5287260249252820201,2022-07-15,1,5.99
1657865444600-6197180114626140000,2022-07-15,1,5.99
1657926037513-3689918725930343596,2022-07-15,1,5.99
1657998134323-8311496323059873258,2022-07-16,1,5.99
1658007285156-4547974944603579096,2022-07-16,1,5.99
1658018436063-3026485380603424424,2022-07-17,1,5.99
1658024934659-6080215707466389064,2022-07-19,1,5.99
1658173880147-281562920051298566,2022-07-22,1,5.99
1658242710845-8437795835762798819,2022-07-19,1,5.99
1658279525077-2217607662102605000,2022-07-21,1,5.99
1658286703909-4853781071678003070,2022-07-26,1,5.99
1658299409998-292128663543765145,2022-07-20,1,5.99
1658363921007-8061416002528159724,2022-07-21,1,5.99
1658518931824-6887729589022774490,2022-07-22,1,5.99
1658605023066-4249431456025809001,2022-07-23,1,5.99
1658627707486-9050251044763809796,2022-07-25,1,5.99
1658786122082-273360935025036042,2022-07-25,1,5.99
1658798722678-9222927000403747247,2022-07-26,1,5.99
1658933970526-5949060100623191694,2022-07-27,1,5.99
1658980740403-2001565775166761786,2022-07-28,1,5.99
1658993830587-5320500360587181100,2022-07-28,1,5.99